/*
SQLyog Community v13.1.1 (64 bit)
MySQL - 5.5.60-MariaDB : Database - APP_testdata
*********************************************************************
*/

/*!40101 SET NAMES utf8 */;

/*!40101 SET SQL_MODE=''*/;

/*!40014 SET @OLD_UNIQUE_CHECKS=@@UNIQUE_CHECKS, UNIQUE_CHECKS=0 */;
/*!40014 SET @OLD_FOREIGN_KEY_CHECKS=@@FOREIGN_KEY_CHECKS, FOREIGN_KEY_CHECKS=0 */;
/*!40101 SET @OLD_SQL_MODE=@@SQL_MODE, SQL_MODE='NO_AUTO_VALUE_ON_ZERO' */;
/*!40111 SET @OLD_SQL_NOTES=@@SQL_NOTES, SQL_NOTES=0 */;
CREATE DATABASE /*!32312 IF NOT EXISTS*/`APP_testdata` /*!40100 DEFAULT CHARACTER SET latin1 */;

USE `APP_testdata`;

/*Data for the table `lease` */

insert  into `lease`(`id`,`begin_date`,`billing_type`,`code_type`,`contract_type`,`expiration_date`,`lease_code`,`lease_group1`,`lease_name`,`lease_status`,`lease_type`,`property_code`,`property_name`) values 
(1,'01/01/2017','Expense','DEFAULT','Real Estate Contract','12/31/2021','SmokePostEx011','01','SmokePostEx011','Active','Base Year','SmokePostCal','SmokePostCal'),
(2,'01/01/2017','Income','DEFAULT','Real Estate Contract','12/31/2021','SmokePostIn013','01','SmokePostIn013','Active','Base Year','SmokePostCal','SmokePostCal'),
(3,'01/01/2017','Income','DEFAULT','Real Estate Contract','12/31/2021','SmokePostIn696','01','SmokePostIn696','Active','Base Year','SmokePostCal','SmokePostCal'),
(4,'01/01/2017','Income','DEFAULT','Real Estate Contract','12/31/2021','SmokePostIn733','01','SmokePostIn733','Active','Base Year','SmokePostCal','SmokePostCal'),
(5,'01/01/2016','Expense','DEFAULT','Real Estate Contract','12/31/2020','SmokePostE575','01','SmokePostE575','Active','Base Year','SmokePost445','SmokePost445'),
(6,'01/01/2016','Income','DEFAULT','Real Estate Contract','12/31/2020','SmokePostIn601','01','SmokePostIn601','Active','Base Year','SmokePost445','SmokePost445'),
(7,'01/01/2016','Income','DEFAULT','Real Estate Contract','12/31/2020','SmokePostIn609','01','SmokePostIn609','Active','Base Year','SmokePost445','SmokePost445'),
(8,'01/01/2016','Income','DEFAULT','Real Estate Contract','12/31/2020','SmokePostIn613','01','SmokePostIn613','Active','Base Year','SmokePost445','SmokePost445'),
(9,'01/01/2018','Expense','DEFAULT','Real Estate Contract','12/31/2022','SmokePostEx576','01','SmokePostEx576','Active','Base Year','SmokePost13th','SmokePost13th'),
(10,'01/01/2018','Income','DEFAULT','Real Estate Contract','12/31/2022','SmokePostIn619','01','SmokePostIn619','Active','Base Year','SmokePost13th','SmokePost13th'),
(11,'01/01/2018','Income','DEFAULT','Real Estate Contract','12/31/2022','SmokePostIn630','01','SmokePostIn630','Active','Base Year','SmokePost13th','SmokePost13th'),
(12,'01/01/2018','Income','DEFAULT','Real Estate Contract','12/31/2022','SmokePostIn686','01','SmokePostIn686','Active','Base Year','SmokePost13th','SmokePost13th'),
(13,'01/01/2017','Expense','DEFAULT','Real Estate Contract','12/31/2021','SmokeAddEx489','01','SmokeAddEx489','Active','Base Year','SmokeAddCal','SmokeAddCal'),
(14,'01/01/2017','Expense','DEFAULT','Real Estate Contract','12/31/2021','SmokeAutoEx456','01','SmokeAutoEx456','Active','Base Year','SmokeAuto','SmokeAuto'),
(15,'01/01/2017','Income','DEFAULT','Real Estate Contract','12/31/2021','SmokeAutoIn981','01','SmokeAutoIn981','Active','Base Year','SmokeAuto','SmokeAuto'),
(16,'01/01/2017','Expense','DEFAULT','Real Estate Contract','12/31/2021','SmokeAutoEx924','01','SmokeAutoEx924','Active','Base Year','SmokeAuto','SmokeAuto'),
(17,'01/01/2017','Income','DEFAULT','Real Estate Contract','12/31/2021','SmokeAutoIn956','01','SmokeAutoIn956','Active','Base Year','SmokeAuto','SmokeAuto'),
(18,'01/01/2017','Income','DEFAULT','Real Estate Contract','12/31/2021','SmokeAutoInc957','01','SmokeAutoInc957','Active','Base Year','SmokeAuto','SmokeAuto'),
(19,'01/01/2017','Income','DEFAULT','Real Estate Contract','12/31/2021','SmokeAutoInc958','01','SmokeAutoInc958','Active','Base Year','SmokeAuto','SmokeAuto'),
(20,'01/01/2017','Expense','DEFAULT','Real Estate Contract','12/31/2021','SmokeAutoExp337','01','SmokeAutoExp337','Active','Base Year','SmokeAuto','SmokeAuto'),
(21,'01/01/2017','Income','DEFAULT','Real Estate Contract','12/31/2021','SmokeAutoIn767','01','SmokeAutoIn767','Active','Base Year','SmokeAuto','SmokeAuto'),
(22,'01/01/2017','Income','DEFAULT','Real Estate Contract','12/31/2021','SmokeAutoInc796','01','SmokeAutoInc796','Active','Base Year','SmokeAuto','SmokeAuto'),
(23,'01/01/2017','Income','DEFAULT','Real Estate Contract','12/31/2021','SmokeAutoInc803','01','SmokeAutoInc803','Active','Base Year','SmokeAuto','SmokeAuto'),
(24,'01/01/2016','Expense','DEFAULT','Real Estate Contract','12/31/2020','SmokeEx445588','01','SmokeEx445587','Active','Base Year','SmokeAuto445','SmokeAuto445'),
(25,'01/01/2016','Income','DEFAULT','Real Estate Contract','12/31/2020','SmokeIn445589','01','SmokeIn445588','Active','Base Year','SmokeAuto445','SmokeAuto445'),
(26,'01/01/2016','Expense','DEFAULT','Real Estate Contract','12/31/2020','SmokeEx445928','01','SmokeEx445927','Active','Base Year','SmokeAuto445','SmokeAuto445'),
(27,'01/01/2016','Income','DEFAULT','Real Estate Contract','12/31/2020','SmokeIn1445967','01','SmokeIn1445966','Active','Base Year','SmokeAuto445','SmokeAuto445'),
(28,'01/01/2016','Income','DEFAULT','Real Estate Contract','12/31/2020','SmokeInc445960','01','SmokeInc445960','Active','Base Year','SmokeAuto445','SmokeAuto445'),
(29,'01/01/2016','Income','DEFAULT','Real Estate Contract','12/31/2020','SmokeInc445959','01','SmokeInc445959','Active','Base Year','SmokeAuto445','SmokeAuto445'),
(30,'01/01/2016','Expense','DEFAULT','Real Estate Contract','12/31/2020','SmokeExp445333','01','SmokeExp445332','Active','Base Year','SmokeAuto445','SmokeAuto445'),
(31,'01/01/2016','Income','DEFAULT','Real Estate Contract','12/31/2020','SmokeIn445242','01','SmokeIn445241','Active','Base Year','SmokeAuto445','SmokeAuto445'),
(32,'01/01/2016','Income','DEFAULT','Real Estate Contract','12/31/2020','SmokeInc445243','01','SmokeInc445243','Active','Base Year','SmokeAuto445','SmokeAuto445'),
(33,'01/01/2016','Income','DEFAULT','Real Estate Contract','12/31/2020','SmokeInc445245','01','SmokeInc445245','Active','Base Year','SmokeAuto445','SmokeAuto445'),
(34,'01/01/2018','Expense','DEFAULT','Real Estate Contract','12/31/2022','Smoke13thEx590','01','Smoke13thEx589','Active','Base Year','SmokeAutomation13th','SmokeAutomation13th'),
(35,'01/01/2018','Income','DEFAULT','Real Estate Contract','12/31/2022','Smoke13thIn591','01','Smoke13thIn590','Active','Base Year','SmokeAutomation13th','SmokeAutomation13th'),
(36,'01/01/2018','Expense','DEFAULT','Real Estate Contract','12/31/2022','Smoke13thEx929','01','Smoke13thEx928','Active','Base Year','SmokeAutomation13th','SmokeAutomation13th'),
(37,'01/01/2018','Income','DEFAULT','Real Estate Contract','12/31/2022','Smoke13thIn969','01','Smoke13thIn968','Active','Base Year','SmokeAutomation13th','SmokeAutomation13th'),
(38,'01/01/2018','Income','DEFAULT','Real Estate Contract','12/31/2022','Smoke13thInc962','01','Smoke13thInc962','Active','Base Year','SmokeAutomation13th','SmokeAutomation13th'),
(39,'01/01/2018','Income','DEFAULT','Real Estate Contract','12/31/2022','Smoke13thInc964','01','Smoke13thInc964','Active','Base Year','SmokeAutomation13th','SmokeAutomation13th'),
(40,'01/01/2018','Expense','DEFAULT','Real Estate Contract','12/31/2022','Smoke13thExp330','01','Smoke13thExp329','Active','Base Year','SmokeAutomation13th','SmokeAutomation13th'),
(41,'01/01/2018','Income','DEFAULT','Real Estate Contract','12/31/2022','Smoke13thIn248','01','Smoke13thIn247','Active','Base Year','SmokeAutomation13th','SmokeAutomation13th'),
(42,'01/01/2018','Income','DEFAULT','Real Estate Contract','12/31/2022','Smoke13thInc248','01','Smoke13thInc248','Active','Base Year','SmokeAutomation13th','SmokeAutomation13th'),
(43,'01/01/2018','Income','DEFAULT','Real Estate Contract','12/31/2022','Smoke13thInc250','01','Smoke13thInc250','Active','Base Year','SmokeAutomation13th','SmokeAutomation13th'),
(44,'01/01/2017','Income','DEFAULT','Real Estate Contract','12/31/2021','SmokeAddIn552','01','SmokeAddIn552','Active','Base Year','SmokeAddCal','SmokeAddCal'),
(45,'01/01/2017','Income','DEFAULT','Real Estate Contract','12/31/2021','SmokeAddIn744','01','SmokeAddIn744','Active','Base Year','SmokeAddCal','SmokeAddCal'),
(46,'01/01/2017','Income','DEFAULT','Real Estate Contract','12/31/2021','SmokeAddIn785','01','SmokeAddIn785','Active','Base Year','SmokeAddCal','SmokeAddCal'),
(47,'01/01/2016','Expense','DEFAULT','Real Estate Contract','12/31/2020','SmokeAddEx988','01','SmokeAddEx988','Active','Base Year','SmokeAdd445','SmokeAdd445'),
(48,'01/01/2016','Income','DEFAULT','Real Estate Contract','12/31/2020','SmokeAddIn989','01','SmokeAddIn989','Active','Base Year','SmokeAdd445','SmokeAdd445'),
(49,'01/01/2016','Income','DEFAULT','Real Estate Contract','12/31/2020','SmokeAddIn990','01','SmokeAddIn990','Active','Base Year','SmokeAdd445','SmokeAdd445'),
(50,'01/01/2016','Income','DEFAULT','Real Estate Contract','12/31/2020','SmokeAddIn991','01','SmokeAddIn991','Active','Base Year','SmokeAdd445','SmokeAdd445'),
(51,'01/01/2018','Expense','DEFAULT','Real Estate Contract','12/31/2022','SmokeAddEx992','01','SmokeAddEx992','Active','Base Year','SmokeAdd13th','SmokeAdd13th'),
(52,'01/01/2018','Income','DEFAULT','Real Estate Contract','12/31/2022','SmokeAddIn993','01','SmokeAddIn993','Active','Base Year','SmokeAdd13th','SmokeAdd13th'),
(53,'01/01/2018','Income','DEFAULT','Real Estate Contract','12/31/2022','SmokeAddIn994','01','SmokeAddIn994','Active','Base Year','SmokeAdd13th','SmokeAdd13th'),
(54,'01/01/2018','Income','DEFAULT','Real Estate Contract','12/31/2022','SmokeAddIn995','01','SmokeAddIn995','Active','Base Year','SmokeAdd13th','SmokeAdd13th');

/*Data for the table `preq_execution_history` */

/*Data for the table `prequisite_data` */

insert  into `prequisite_data`(`preq_id`,`data_id`,`type`) values 
(1,1,'property'),
(2,2,'property'),
(3,3,'property'),
(4,4,'property'),
(5,1,'lease'),
(6,2,'lease'),
(7,3,'lease'),
(8,4,'lease'),
(9,5,'lease'),
(10,6,'lease'),
(11,7,'lease'),
(12,8,'lease'),
(13,9,'lease'),
(14,10,'lease'),
(15,11,'lease'),
(16,12,'lease'),
(17,13,'lease'),
(18,1,'space'),
(19,2,'space'),
(20,3,'space'),
(21,4,'space'),
(22,5,'space'),
(23,6,'space'),
(24,7,'space'),
(25,8,'space'),
(26,9,'space'),
(27,10,'space'),
(28,11,'space'),
(29,12,'space'),
(30,13,'space'),
(31,1,'rpr'),
(32,2,'rpr'),
(33,3,'rpr'),
(34,4,'rpr'),
(35,5,'rpr'),
(36,6,'rpr'),
(37,7,'rpr'),
(38,8,'rpr'),
(39,9,'rpr'),
(40,10,'rpr'),
(41,11,'rpr'),
(42,12,'rpr'),
(43,13,'rpr'),
(44,5,'property'),
(45,6,'property'),
(46,7,'property'),
(47,14,'lease'),
(48,15,'lease'),
(49,16,'lease'),
(50,17,'lease'),
(51,18,'lease'),
(52,19,'lease'),
(53,20,'lease'),
(54,21,'lease'),
(55,22,'lease'),
(56,23,'lease'),
(57,24,'lease'),
(58,25,'lease'),
(59,26,'lease'),
(60,27,'lease'),
(61,28,'lease'),
(62,29,'lease'),
(63,30,'lease'),
(64,31,'lease'),
(65,32,'lease'),
(66,33,'lease'),
(67,34,'lease'),
(68,35,'lease'),
(69,36,'lease'),
(70,37,'lease'),
(71,38,'lease'),
(72,39,'lease'),
(73,40,'lease'),
(74,41,'lease'),
(75,42,'lease'),
(76,43,'lease'),
(77,14,'space'),
(78,15,'space'),
(79,16,'space'),
(80,17,'space'),
(81,18,'space'),
(82,19,'space'),
(83,20,'space'),
(84,21,'space'),
(85,22,'space'),
(86,23,'space'),
(87,24,'space'),
(88,25,'space'),
(89,26,'space'),
(90,27,'space'),
(91,28,'space'),
(92,29,'space'),
(93,30,'space'),
(94,31,'space'),
(95,32,'space'),
(96,33,'space'),
(97,34,'space'),
(98,35,'space'),
(99,36,'space'),
(100,37,'space'),
(101,38,'space'),
(102,39,'space'),
(103,40,'space'),
(104,41,'space'),
(105,42,'space'),
(106,43,'space'),
(107,14,'rpr'),
(108,15,'rpr'),
(109,16,'rpr'),
(110,17,'rpr'),
(111,18,'rpr'),
(112,19,'rpr'),
(113,20,'rpr'),
(114,21,'rpr'),
(115,22,'rpr'),
(116,23,'rpr'),
(117,24,'rpr'),
(118,25,'rpr'),
(119,26,'rpr'),
(120,27,'rpr'),
(121,28,'rpr'),
(122,29,'rpr'),
(123,30,'rpr'),
(124,31,'rpr'),
(125,32,'rpr'),
(126,33,'rpr'),
(127,34,'rpr'),
(128,35,'rpr'),
(129,36,'rpr'),
(130,37,'rpr'),
(131,38,'rpr'),
(132,39,'rpr'),
(133,40,'rpr'),
(134,41,'rpr'),
(135,42,'rpr'),
(136,43,'rpr'),
(137,44,'lease'),
(138,44,'space'),
(139,44,'rpr'),
(140,45,'lease'),
(141,46,'lease'),
(142,45,'space'),
(143,46,'space'),
(144,45,'rpr'),
(145,46,'rpr'),
(146,8,'property'),
(147,47,'lease'),
(148,48,'lease'),
(149,49,'lease'),
(150,50,'lease'),
(151,47,'space'),
(152,48,'space'),
(153,49,'space'),
(154,50,'space'),
(155,47,'rpr'),
(156,48,'rpr'),
(157,49,'rpr'),
(158,50,'rpr'),
(159,9,'property'),
(160,51,'lease'),
(161,52,'lease'),
(162,53,'lease'),
(163,54,'lease'),
(164,51,'space'),
(165,52,'space'),
(166,53,'space'),
(167,54,'space'),
(168,51,'rpr'),
(169,52,'rpr'),
(170,53,'rpr'),
(171,54,'rpr');

/*Data for the table `property` */

insert  into `property`(`id`,`address`,`auto_manage`,`chart_type`,`city`,`code_type`,`country`,`currency`,`postal`,`property_code`,`property_group1`,`property_group2`,`property_group3`,`property_name`,`sq_ft_rentable`,`state`,`status`) values 
(1,'Add2','TRUE','QA Testing','test','DEFAULT','Togo','USD','12230','SmokePostCal','Building List','Central','India','SmokePostCal','100000000','Kara','Active'),
(2,'Add2','TRUE','QA Testing','test','DEFAULT','Togo','USD','12230','SmokePost445','Building List','Central','Leased','SmokePost445','100000000','Kara','Active'),
(3,'Add2','TRUE','QA Testing','test','DEFAULT','Togo','USD','12230','SmokePost13th','Building List','Central','Leased','SmokePost13th','100000000','Kara','Active'),
(4,'Add2','TRUE','QA Testing','test','DEFAULT','Togo','USD','12230','SmokeAddCal','Building List','Central','India','SmokeAddCal','100000000','Kara','Active'),
(5,'Add2','TRUE','QA Testing','test','DEFAULT','Togo','USD','12230','SmokeAuto','Building List','Central','India','SmokeAuto','100000000','Kara','Active'),
(6,'Add2','TRUE','QA Testing','test','DEFAULT','Togo','USD','12230','SmokeAuto445','Building List','Central','Leased','SmokeAuto445','100000000','Kara','Active'),
(7,'Add2','TRUE','QA Testing','test','DEFAULT','Togo','USD','12230','SmokeAutomation13th','Building List','Central','Leased','SmokeAutomation13th','100000000','Kara','Active'),
(8,'Add2','TRUE','QA Testing','test','DEFAULT','Togo','USD','12230','SmokeAdd445','Building List','Central','Leased','SmokeAdd445','100000000','Kara','Active'),
(9,'Add2','TRUE','QA Testing','test','DEFAULT','Togo','USD','12230','SmokeAdd13th','Building List','Central','Leased','SmokeAdd13th','100000000','Kara','Active');

/*Data for the table `rpr` */

insert  into `rpr`(`id`,`amount`,`charge_name`,`charge_type`,`effective_date`,`end_date`,`escalation_type`,`frequency`,`lease_name`,`lease_term_defined`,`lease_term_year`,`space_name`) values 
(1,'1254','FASB','FASB - Charge','01/01/2017','12/31/2021','No Increase','Monthly','SmokePostEx011','Calendar Year','1st of Month After','SmokePostExSp011'),
(2,'1254','FASB','FASB - Charge','01/01/2017','12/31/2021','No Increase','Monthly','SmokePostIn013','Calendar Year','1st of Month After','SmokePostInSp013'),
(3,'1254','FASB','FASB - Charge','01/01/2017','12/31/2021','No Increase','Monthly','SmokePostIn696','Calendar Year','1st of Month After','SmokePostInSp696'),
(4,'1254','FASB','FASB - Charge','01/01/2017','12/31/2021','No Increase','Monthly','SmokePostIn733','Calendar Year','1st of Month After','SmokePostInSp733'),
(5,'1254','FASB1','FASB1 - Charge','01/01/2016','12/31/2020','No Increase','Monthly','SmokePostE575','Calendar Year','1st of Month After','SmokePostSp575'),
(6,'1254','FASB1','FASB1 - Charge','01/01/2016','12/31/2020','No Increase','Monthly','SmokePostIn601','Calendar Year','1st of Month After','SmokePostInSp601'),
(7,'1254','FASB1','FASB1 - Charge','01/01/2016','12/31/2020','No Increase','Monthly','SmokePostIn609','Calendar Year','1st of Month After','SmokePostInSp609'),
(8,'1254','FASB1','FASB1 - Charge','01/01/2016','12/31/2020','No Increase','Monthly','SmokePostIn613','Calendar Year','1st of Month After','SmokePostInSp613'),
(9,'1254','FASB1','FASB1 - Charge','01/01/2018','12/31/2022','No Increase','Monthly','SmokePostEx576','Calendar Year','1st of Month After','SmokePostExSp576'),
(10,'1254','FASB1','FASB1 - Charge','01/01/2018','12/31/2022','No Increase','Monthly','SmokePostIn619','Calendar Year','1st of Month After','SmokePostInSp619'),
(11,'1254','FASB1','FASB1 - Charge','01/01/2018','12/31/2022','No Increase','Monthly','SmokePostIn630','Calendar Year','1st of Month After','SmokePostInSp630'),
(12,'1254','FASB1','FASB1 - Charge','01/01/2018','12/31/2022','No Increase','Monthly','SmokePostIn686','Calendar Year','1st of Month After','SmokePostInSp686'),
(13,'1254','FASB','FASB - Charge','01/01/2017','12/31/2021','No Increase','Monthly','SmokeAddEx489','Calendar Year','1st of Month After','SmokeAddExSp489'),
(14,'1254','BRN','BRN - Base Rent','01/01/2017','12/31/2021','No Increase','Monthly','SmokeAutoEx456','Calendar Year','1st of Month After','SmokeAutoEx457Sp'),
(15,'1254','BRN','BRN - Base Rent','01/01/2017','12/31/2021','No Increase','Monthly','SmokeAutoIn981','Calendar Year','1st of Month After','SmokeAutoIn982Sp'),
(16,'1254','BRN','BRN - Base Rent','01/01/2017','12/31/2021','No Increase','Monthly','SmokeAutoEx924','Calendar Year','1st of Month After','SmokeAutoEx925Sp'),
(17,'1254','BRN','BRN - Base Rent','01/01/2017','12/31/2021','No Increase','Monthly','SmokeAutoIn956','Calendar Year','1st of Month After','SmokeAutoIn957Sp'),
(18,'1254','BRN','BRN - Base Rent','01/01/2017','12/31/2021','No Increase','Monthly','SmokeAutoInc957','Calendar Year','1st of Month After','SmokeAutoInc957Sp'),
(19,'1254','BRN','BRN - Base Rent','01/01/2017','12/31/2021','No Increase','Monthly','SmokeAutoInc958','Calendar Year','1st of Month After','SmokeAutoInc958Sp'),
(20,'1254','BRN','BRN - Base Rent','01/01/2017','12/31/2021','No Increase','Monthly','SmokeAutoExp337','Calendar Year','1st of Month After','SmokeAutoExp338Sp'),
(21,'1254','BRN','BRN - Base Rent','01/01/2017','12/31/2021','No Increase','Monthly','SmokeAutoIn767','Calendar Year','1st of Month After','SmokeAutoIn768Sp'),
(22,'1254','BRN','BRN - Base Rent','01/01/2017','12/31/2021','No Increase','Monthly','SmokeAutoInc796','Calendar Year','1st of Month After','SmokeAutoInc796Sp'),
(23,'1254','BRN','BRN - Base Rent','01/01/2017','12/31/2021','No Increase','Monthly','SmokeAutoInc803','Calendar Year','1st of Month After','SmokeAutoInc803Sp'),
(24,'1254','FASB1','FASB1 - Charge','01/01/2016','12/31/2020','No Increase','Monthly','SmokeEx445587','Calendar Year','1st of Month After','SmokeEx445588Sp'),
(25,'1254','FASB1','FASB1 - Charge','01/01/2016','12/31/2020','No Increase','Monthly','SmokeIn445588','Calendar Year','1st of Month After','SmokeIn445589Sp'),
(26,'1254','FASB1','FASB1 - Charge','01/01/2016','12/31/2020','No Increase','Monthly','SmokeEx445927','Calendar Year','1st of Month After','SmokeEx445928Sp'),
(27,'1254','FASB1','FASB1 - Charge','01/01/2016','12/31/2020','No Increase','Monthly','SmokeIn1445966','Calendar Year','1st of Month After','SmokeIn1445967Sp'),
(28,'1254','FASB1','FASB1 - Charge','01/01/2016','12/31/2020','No Increase','Monthly','SmokeInc445960','Calendar Year','1st of Month After','SmokeInc445960Sp'),
(29,'1254','FASB1','FASB1 - Charge','01/01/2016','12/31/2020','No Increase','Monthly','SmokeInc445959','Calendar Year','1st of Month After','SmokeInc445959Sp'),
(30,'1254','FASB1','FASB1 - Charge','01/01/2016','12/31/2020','No Increase','Monthly','SmokeExp445332','Calendar Year','1st of Month After','SmokeExp445333Sp'),
(31,'1254','FASB1','FASB1 - Charge','01/01/2016','12/31/2020','No Increase','Monthly','SmokeIn445241','Calendar Year','1st of Month After','SmokeIn445242Sp'),
(32,'1254','FASB1','FASB1 - Charge','01/01/2016','12/31/2020','No Increase','Monthly','SmokeInc445243','Calendar Year','1st of Month After','SmokeInc445243Sp'),
(33,'1254','FASB1','FASB1 - Charge','01/01/2016','12/31/2020','No Increase','Monthly','SmokeInc445245','Calendar Year','1st of Month After','SmokeInc445245Sp'),
(34,'1254','BRN','BRN - Base Rent','01/01/2018','12/31/2022','No Increase','Monthly','Smoke13thEx589','Calendar Year','1st of Month After','Smoke13thEx590Sp'),
(35,'1254','BRN','BRN - Base Rent','01/01/2018','12/31/2022','No Increase','Monthly','Smoke13thIn590','Calendar Year','1st of Month After','Smoke13thIn591Sp'),
(36,'1254','BRN','BRN - Base Rent','01/01/2018','12/31/2022','No Increase','Monthly','Smoke13thEx928','Calendar Year','1st of Month After','Smoke13thEx929Sp'),
(37,'1254','BRN','BRN - Base Rent','01/01/2018','12/31/2022','No Increase','Monthly','Smoke13thIn968','Calendar Year','1st of Month After','Smoke13thIn969Sp'),
(38,'1254','BRN','BRN - Base Rent','01/01/2018','12/31/2022','No Increase','Monthly','Smoke13thInc962','Calendar Year','1st of Month After','Smoke13thInc962Sp'),
(39,'1254','BRN','BRN - Base Rent','01/01/2018','12/31/2022','No Increase','Monthly','Smoke13thInc964','Calendar Year','1st of Month After','Smoke13thInc964Sp'),
(40,'1254','BRN','BRN - Base Rent','01/01/2018','12/31/2022','No Increase','Monthly','Smoke13thExp329','Calendar Year','1st of Month After','Smoke13thExp330Sp'),
(41,'1254','BRN','BRN - Base Rent','01/01/2018','12/31/2022','No Increase','Monthly','Smoke13thIn247','Calendar Year','1st of Month After','Smoke13thIn248Sp'),
(42,'1254','BRN','BRN - Base Rent','01/01/2018','12/31/2022','No Increase','Monthly','Smoke13thInc248','Calendar Year','1st of Month After','Smoke13thInc248Sp'),
(43,'1254','BRN','BRN - Base Rent','01/01/2018','12/31/2022','No Increase','Monthly','Smoke13thInc250','Calendar Year','1st of Month After','Smoke13thInc250Sp'),
(44,'1254','FASB','FASB - Charge','01/01/2017','12/31/2021','No Increase','Monthly','SmokeAddIn552','Calendar Year','1st of Month After','SmokeAddInSp552'),
(45,'1254','FASB','FASB - Charge','01/01/2017','12/31/2021','No Increase','Monthly','SmokeAddIn744','Calendar Year','1st of Month After','SmokeAddInSp744'),
(46,'1254','FASB','FASB - Charge','01/01/2017','12/31/2021','No Increase','Monthly','SmokeAddIn785','Calendar Year','1st of Month After','SmokeAddInSp785'),
(47,'1254','FASB1','FASB1 - Charge','01/01/2016','12/31/2020','No Increase','Monthly','SmokeAddEx988','Calendar Year','1st of Month After','SmokePostExSp988'),
(48,'1254','FASB1','FASB1 - Charge','01/01/2016','12/31/2020','No Increase','Monthly','SmokeAddIn989','Calendar Year','1st of Month After','SmokePostInSp989'),
(49,'1254','FASB1','FASB1 - Charge','01/01/2016','12/31/2020','No Increase','Monthly','SmokeAddIn990','Calendar Year','1st of Month After','SmokePostInSp990'),
(50,'1254','FASB1','FASB1 - Charge','01/01/2016','12/31/2020','No Increase','Monthly','SmokeAddIn991','Calendar Year','1st of Month After','SmokePostInSp991'),
(51,'1254','FASB1','FASB1 - Charge','01/01/2018','12/31/2022','No Increase','Monthly','SmokeAddEx992','Calendar Year','1st of Month After','SmokeAddExSp992'),
(52,'1254','FASB1','FASB1 - Charge','01/01/2018','12/31/2022','No Increase','Monthly','SmokeAddIn993','Calendar Year','1st of Month After','SmokeAddInSp993'),
(53,'1254','FASB1','FASB1 - Charge','01/01/2018','12/31/2022','No Increase','Monthly','SmokeAddIn994','Calendar Year','1st of Month After','SmokeAddInSp994'),
(54,'1254','FASB1','FASB1 - Charge','01/01/2018','12/31/2022','No Increase','Monthly','SmokeAddIn995','Calendar Year','1st of Month After','SmokeAddInSp995');

/*Data for the table `space` */

insert  into `space`(`id`,`end_date`,`floor`,`lease_name`,`property_code`,`property_name`,`space_name`,`start_date`,`rentable_lease`) values 
(1,'12/31/2021','1','SmokePostEx011','SmokePostCal','SmokePostCal','SmokePostExSp011','01/01/2017','132'),
(2,'12/31/2021','1','SmokePostIn013','SmokePostCal','SmokePostCal','SmokePostInSp013','01/01/2017','132'),
(3,'12/31/2021','1','SmokePostIn696','SmokePostCal','SmokePostCal','SmokePostInSp696','01/01/2017','132'),
(4,'12/31/2021','1','SmokePostIn733','SmokePostCal','SmokePostCal','SmokePostInSp733','01/01/2017','132'),
(5,'12/31/2020','1','SmokePostE575','SmokePost445','SmokePost445','SmokePostSp575','01/01/2016','132'),
(6,'12/31/2020','1','SmokePostIn601','SmokePost445','SmokePost445','SmokePostInSp601','01/01/2016','132'),
(7,'12/31/2020','1','SmokePostIn609','SmokePost445','SmokePost445','SmokePostInSp609','01/01/2016','132'),
(8,'12/31/2020','1','SmokePostIn613','SmokePost445','SmokePost445','SmokePostIncSp613','01/01/2016','132'),
(9,'12/31/2022','1','SmokePostEx576','SmokePost13th','SmokePost13th','SmokePostExSp576','01/01/2018','132'),
(10,'12/31/2022','1','SmokePostIn619','SmokePost13th','SmokePost13th','SmokePostInSp619','01/01/2018','132'),
(11,'12/31/2022','1','SmokePostIn630','SmokePost13th','SmokePost13th','SmokePostInSp630','01/01/2018','132'),
(12,'12/31/2022','1','SmokePostIn686','SmokePost13th','SmokePost13th','SmokePostInSp686','01/01/2018','132'),
(13,'12/31/2021','1','SmokeAddEx489','SmokeAddCal','SmokeAddCal','SmokeAddExSp489','01/01/2017','132'),
(14,'12/31/2021','1','SmokeAutoEx456','SmokeAuto','SmokeAuto','SmokeAutoEx457Sp','01/01/2017','123'),
(15,'12/31/2021','1','SmokeAutoIn981','SmokeAuto','SmokeAuto','SmokeAutoIn982Sp','01/01/2017','124'),
(16,'12/31/2021','1','SmokeAutoEx924','SmokeAuto','SmokeAuto','SmokeAutoEx925Sp','01/01/2017','125'),
(17,'12/31/2021','1','SmokeAutoIn956','SmokeAuto','SmokeAuto','SmokeAutoIn957Sp','01/01/2017','126'),
(18,'12/31/2021','1','SmokeAutoInc957','SmokeAuto','SmokeAuto','SmokeAutoInc957Sp','01/01/2017','127'),
(19,'12/31/2021','1','SmokeAutoInc958','SmokeAuto','SmokeAuto','SmokeAutoInc958Sp','01/01/2017','128'),
(20,'12/31/2021','1','SmokeAutoExp337','SmokeAuto','SmokeAuto','SmokeAutoExp338Sp','01/01/2017','129'),
(21,'12/31/2021','1','SmokeAutoIn767','SmokeAuto','SmokeAuto','SmokeAutoIn768Sp','01/01/2017','130'),
(22,'12/31/2021','1','SmokeAutoInc796','SmokeAuto','SmokeAuto','SmokeAutoInc796Sp','01/01/2017','131'),
(23,'12/31/2021','1','SmokeAutoInc803','SmokeAuto','SmokeAuto','SmokeAutoInc803Sp','01/01/2017','132'),
(24,'12/31/2020','1','SmokeEx445587','SmokeAuto445','SmokeAuto445','SmokeEx445588Sp','01/01/2016','133'),
(25,'12/31/2020','1','SmokeIn445588','SmokeAuto445','SmokeAuto445','SmokeIn445589Sp','01/01/2016','134'),
(26,'12/31/2020','1','SmokeEx445927','SmokeAuto445','SmokeAuto445','SmokeEx445928Sp','01/01/2016','135'),
(27,'12/31/2020','1','SmokeIn1445966','SmokeAuto445','SmokeAuto445','SmokeIn1445967Sp','01/01/2016','136'),
(28,'12/31/2020','1','SmokeInc445960','SmokeAuto445','SmokeAuto445','SmokeInc445960Sp','01/01/2016','137'),
(29,'12/31/2020','1','SmokeInc445959','SmokeAuto445','SmokeAuto445','SmokeInc445959Sp','01/01/2016','138'),
(30,'12/31/2020','1','SmokeExp445332','SmokeAuto445','SmokeAuto445','SmokeExp445333Sp','01/01/2016','139'),
(31,'12/31/2020','1','SmokeIn445241','SmokeAuto445','SmokeAuto445','SmokeIn445242Sp','01/01/2016','140'),
(32,'12/31/2020','1','SmokeInc445243','SmokeAuto445','SmokeAuto445','SmokeInc445243Sp','01/01/2016','141'),
(33,'12/31/2020','1','SmokeInc445245','SmokeAuto445','SmokeAuto445','SmokeInc445245Sp','01/01/2016','142'),
(34,'12/31/2022','1','Smoke13thEx589','SmokeAutomation13th','SmokeAutomation13th','Smoke13thEx590Sp','01/01/2018','143'),
(35,'12/31/2022','1','Smoke13thIn590','SmokeAutomation13th','SmokeAutomation13th','Smoke13thIn591Sp','01/01/2018','144'),
(36,'12/31/2022','1','Smoke13thEx928','SmokeAutomation13th','SmokeAutomation13th','Smoke13thEx929Sp','01/01/2018','145'),
(37,'12/31/2022','1','Smoke13thIn968','SmokeAutomation13th','SmokeAutomation13th','Smoke13thIn969Sp','01/01/2018','146'),
(38,'12/31/2022','1','Smoke13thInc962','SmokeAutomation13th','SmokeAutomation13th','Smoke13thInc962Sp','01/01/2018','147'),
(39,'12/31/2022','1','Smoke13thInc964','SmokeAutomation13th','SmokeAutomation13th','Smoke13thInc964Sp','01/01/2018','148'),
(40,'12/31/2022','1','Smoke13thExp329','SmokeAutomation13th','SmokeAutomation13th','Smoke13thExp330Sp','01/01/2018','149'),
(41,'12/31/2022','1','Smoke13thIn247','SmokeAutomation13th','SmokeAutomation13th','Smoke13thIn248Sp','01/01/2018','150'),
(42,'12/31/2022','1','Smoke13thInc248','SmokeAutomation13th','SmokeAutomation13th','Smoke13thInc248Sp','01/01/2018','151'),
(43,'12/31/2022','1','Smoke13thInc250','SmokeAutomation13th','SmokeAutomation13th','Smoke13thInc250Sp','01/01/2018','152'),
(44,'12/31/2021','1','SmokeAddIn552','SmokeAddCal','SmokeAddCal','SmokeAddInSp552','01/01/2017','132'),
(45,'12/31/2021','1','SmokeAddIn744','SmokeAddCal','SmokeAddCal','SmokeAddInSp744','01/01/2017','132'),
(46,'12/31/2021','1','SmokeAddIn785','SmokeAddCal','SmokeAddCal','SmokeAddInSp785','01/01/2017','132'),
(47,'12/31/2020','1','SmokeAddEx988','SmokeAdd445','SmokeAdd445','SmokePostExSp988','01/01/2016','132'),
(48,'12/31/2020','1','SmokeAddIn989','SmokeAdd445','SmokeAdd445','SmokePostInSp989','01/01/2016','132'),
(49,'12/31/2020','1','SmokeAddIn990','SmokeAdd445','SmokeAdd445','SmokePostInSp990','01/01/2016','132'),
(50,'12/31/2020','1','SmokeAddIn991','SmokeAdd445','SmokeAdd445','SmokePostInSp991','01/01/2016','132'),
(51,'12/31/2022','1','SmokeAddEx992','SmokeAdd13th','SmokeAdd13th','SmokeAddExSp992','01/01/2018','132'),
(52,'12/31/2022','1','SmokeAddIn993','SmokeAdd13th','SmokeAdd13th','SmokeAddInSp993','01/01/2018','132'),
(53,'12/31/2022','1','SmokeAddIn994','SmokeAdd13th','SmokeAdd13th','SmokeAddInSp994','01/01/2018','132'),
(54,'12/31/2022','1','SmokeAddIn995','SmokeAdd13th','SmokeAdd13th','SmokeAddInSp995','01/01/2018','132');

/*Data for the table `test_data_map` */

insert  into `test_data_map`(`id`,`preq_id`,`test_case_id`) values 
(1,1,'6519011'),
(2,1,'6519013'),
(3,1,'6596696'),
(4,1,'6596733'),
(5,2,'6596575'),
(6,2,'6596601'),
(7,2,'6596609'),
(8,2,'6596613'),
(9,3,'6596576'),
(10,3,'6596619'),
(11,3,'6596630'),
(12,3,'6596686'),
(13,4,'6579489'),
(14,5,'6519011'),
(15,6,'6519013'),
(16,7,'6596696'),
(17,8,'6596733'),
(18,9,'6596575'),
(19,10,'6596601'),
(20,11,'6596609'),
(21,12,'6596613'),
(22,13,'6596576'),
(23,14,'6596619'),
(24,15,'6596630'),
(25,16,'6596686'),
(26,17,'6579489'),
(27,18,'6519011'),
(28,19,'6519013'),
(29,20,'6596696'),
(30,21,'6596733'),
(31,22,'6596575'),
(32,23,'6596601'),
(33,24,'6596609'),
(34,25,'6596613'),
(35,26,'6596576'),
(36,27,'6596619'),
(37,28,'6596630'),
(38,29,'6596686'),
(39,30,'6579489'),
(40,31,'6519011'),
(41,32,'6519013'),
(42,33,'6596696'),
(43,34,'6596733'),
(44,35,'6596575'),
(45,36,'6596601'),
(46,37,'6596609'),
(47,38,'6596613'),
(48,39,'6596576'),
(49,40,'6596619'),
(50,41,'6596630'),
(51,42,'6596686'),
(52,43,'6579489'),
(53,44,'6517456'),
(54,44,'6518981'),
(55,44,'6530924'),
(56,44,'6530956'),
(57,44,'6530957'),
(58,44,'6530958'),
(59,44,'6541337'),
(60,44,'6551767'),
(61,44,'6551796'),
(62,44,'6551803'),
(63,45,'6555587'),
(64,45,'6555588'),
(65,45,'6530927'),
(66,45,'6530966'),
(67,45,'6530960'),
(68,45,'6530959'),
(69,45,'6541332'),
(70,45,'6558241'),
(71,45,'6558243'),
(72,45,'6558245'),
(73,46,'6555589'),
(74,46,'6555590'),
(75,46,'6530928'),
(76,46,'6530968'),
(77,46,'6530962'),
(78,46,'6530964'),
(79,46,'6541329'),
(80,46,'6558247'),
(81,46,'6558248'),
(82,46,'6558250'),
(83,47,'6517456'),
(84,48,'6518981'),
(85,49,'6530924'),
(86,50,'6530956'),
(87,51,'6530957'),
(88,52,'6530958'),
(89,53,'6541337'),
(90,54,'6551767'),
(91,55,'6551796'),
(92,56,'6551803'),
(93,57,'6555587'),
(94,58,'6555588'),
(95,59,'6530927'),
(96,60,'6530966'),
(97,61,'6530960'),
(98,62,'6530959'),
(99,63,'6541332'),
(100,64,'6558241'),
(101,65,'6558243'),
(102,66,'6558245'),
(103,67,'6555589'),
(104,68,'6555590'),
(105,69,'6530928'),
(106,70,'6530968'),
(107,71,'6530962'),
(108,72,'6530964'),
(109,73,'6541329'),
(110,74,'6558247'),
(111,75,'6558248'),
(112,76,'6558250'),
(113,77,'6517456'),
(114,78,'6518981'),
(115,79,'6530924'),
(116,80,'6530956'),
(117,81,'6530957'),
(118,82,'6530958'),
(119,83,'6541337'),
(120,84,'6551767'),
(121,85,'6551796'),
(122,86,'6551803'),
(123,87,'6555587'),
(124,88,'6555588'),
(125,89,'6530927'),
(126,90,'6530966'),
(127,91,'6530960'),
(128,92,'6530959'),
(129,93,'6541332'),
(130,94,'6558241'),
(131,95,'6558243'),
(132,96,'6558245'),
(133,97,'6555589'),
(134,98,'6555590'),
(135,99,'6530928'),
(136,100,'6530968'),
(137,101,'6530962'),
(138,102,'6530964'),
(139,103,'6541329'),
(140,104,'6558247'),
(141,105,'6558248'),
(142,106,'6558250'),
(143,107,'6517456'),
(144,108,'6518981'),
(145,109,'6530924'),
(146,110,'6530956'),
(147,111,'6530957'),
(148,112,'6530958'),
(149,113,'6541337'),
(150,114,'6551767'),
(151,115,'6551796'),
(152,116,'6551803'),
(153,117,'6555587'),
(154,118,'6555588'),
(155,119,'6530927'),
(156,120,'6530966'),
(157,121,'6530960'),
(158,122,'6530959'),
(159,123,'6541332'),
(160,124,'6558241'),
(161,125,'6558243'),
(162,126,'6558245'),
(163,127,'6555589'),
(164,128,'6555590'),
(165,129,'6530928'),
(166,130,'6530968'),
(167,131,'6530962'),
(168,132,'6530964'),
(169,133,'6541329'),
(170,134,'6558247'),
(171,135,'6558248'),
(172,136,'6558250'),
(173,4,'6579552'),
(174,137,'6579552'),
(175,138,'6579552'),
(176,139,'6579552'),
(177,4,'6579744'),
(178,4,'6579785'),
(179,140,'6579744'),
(180,141,'6579785'),
(181,142,'6579744'),
(182,143,'6579785'),
(183,144,'6579744'),
(184,145,'6579785'),
(185,146,'6591988'),
(186,146,'6591989'),
(187,146,'6591990'),
(188,146,'6591991'),
(189,147,'6591988'),
(190,148,'6591989'),
(191,149,'6591990'),
(192,150,'6591991'),
(193,151,'6591988'),
(194,152,'6591989'),
(195,153,'6591990'),
(196,154,'6591991'),
(197,155,'6591988'),
(198,156,'6591989'),
(199,157,'6591990'),
(200,158,'6591991'),
(201,159,'6591992'),
(202,159,'6591993'),
(203,159,'6591994'),
(204,159,'6591995'),
(205,160,'6591992'),
(206,161,'6591993'),
(207,162,'6591994'),
(208,163,'6591995'),
(209,164,'6591992'),
(210,165,'6591993'),
(211,166,'6591994'),
(212,167,'6591995'),
(213,168,'6591992'),
(214,169,'6591993'),
(215,170,'6591994'),
(216,171,'6591995');

/*!40101 SET SQL_MODE=@OLD_SQL_MODE */;
/*!40014 SET FOREIGN_KEY_CHECKS=@OLD_FOREIGN_KEY_CHECKS */;
/*!40014 SET UNIQUE_CHECKS=@OLD_UNIQUE_CHECKS */;
/*!40111 SET SQL_NOTES=@OLD_SQL_NOTES */;
